[
  {
    "baseRegistryName": "minecraft:cobblestone",
    "compressedPathRegistryName": "compressed_cobblestone",
    "meta": 0,
    "texturePath": "minecraft:textures/blocks/cobblestone.png",
    "depth": 16,
    "hardnessMultiplier": 9.0,
    "recipeEnabled": true
  },
  {
    "baseRegistryName": "minecraft:sand",
    "compressedPathRegistryName": "compressed_sand",
    "meta": 0,
    "texturePath": "minecraft:textures/blocks/sand.png",
    "depth": 16,
    "hardnessMultiplier": 9.0,
    "recipeEnabled": true
  },
  {
    "baseRegistryName": "minecraft:stone",
    "compressedPathRegistryName": "compressed_stone",
    "meta": 0,
    "texturePath": "minecraft:textures/blocks/stone.png",
    "depth": 16,
    "hardnessMultiplier": 9.0,
    "recipeEnabled": true
  },
  {
    "baseRegistryName": "minecraft:obsidian",
    "compressedPathRegistryName": "compressed_obsidian",
    "meta": 0,
    "texturePath": "minecraft:textures/blocks/obsidian.png",
    "depth": 16,
    "hardnessMultiplier": 9.0,
    "recipeEnabled": true
  },
  {
    "baseRegistryName": "minecraft:netherrack",
    "compressedPathRegistryName": "compressed_netherrack",
    "meta": 0,
    "texturePath": "minecraft:textures/blocks/netherrack.png",
    "depth": 16,
    "hardnessMultiplier": 9.0,
    "recipeEnabled": true
  },
  {
    "baseRegistryName": "minecraft:dirt",
    "compressedPathRegistryName": "compressed_dirt",
    "meta": 0,
    "texturePath": "minecraft:textures/blocks/dirt.png",
    "depth": 16,
    "hardnessMultiplier": 9.0,
    "recipeEnabled": true
  },
  {
    "baseRegistryName": "minecraft:gravel",
    "compressedPathRegistryName": "compressed_gravel",
    "meta": 0,
    "texturePath": "minecraft:textures/blocks/gravel.png",
    "depth": 16,
    "hardnessMultiplier": 9.0,
    "recipeEnabled": true
  }
]